Hash,model
0002967cfbfe296234cd81c02cdb7a6cb3712c4e,0.7237182825855905
0005c3388f856c3b161cac405ebadd1130c5b2d7,0.7107938349591045
0018b8991edb122a0774fdcc1302accc6369d9e9,0.9924478021324596
0028a352f089fa048032a80dd5701217f519a7ae,0.9999655969097718
00313e0d18e381ccdbd4e33b6196c27203cdc736,0.9638026124018425
0049e31d1f1a7dff27221956e97de26867d2b934,0.9995436882559647
00616a421c92928530cd4f6653722e00616d21e7,0.9986653474342321
0068d88455ed058ba50e50e1714c8bf4ae0cb7b3,0.6762070454866472
00691008f4f44882a1c7e9df11ebac8e809ef5bf,0.9998311381082041
00978fdabfd53526f3cd6e5c3972e44cdcf850dc,0.9953257135716106
00a2cf54175f267406d3d61f3ab5bed59e39fd73,0.9998538142234024
00a96cd417a311b842da75ca0da0c601d3864d52,0.9999600171938875
00c8769293a345332c7b091945920e5bf6675ff2,0.9317883351083212
00d5f0851f08315c1f4993bab7a8f8018771d095,0.9690572528817012
00dbbf878542ee432f04fadc166aa9faacbfd65c,0.9411726451612765
00e781be779c8a2dae5a668f596ea43db3a9cedb,0.998222930835503
00f25d32858be50d99247bde867a6765d8268c89,0.999885746939155
00fb8adf177367dd9d503a09f43da3c4502b7734,0.7085830698011812
0102bd086ca239cbcb430d1725df21f155728129,0.9863547869052042
01264b26fda5b386d876c070be8cb90557c6c1f2,0.9692071051962472
0129eee6d71b4ea722707c742b3c8b8181308b8d,0.9999868092430739
0150e8c7e6355f74f34f1f35f80ca6274d30a7c0,0.9999404492272453
0164b0238129ee76705486d3ddebce284a989b39,0.6940276249951479
0176d888a6053f2b3b29dbcd07163adb672e16d8,0.9971527557042414
0199105c198ba4c1ff1ac9638e4a76a841a9ce97,0.9987332985625167
01b96266c6a00b885faa81b464b4532d8ed67323,0.990664396666729
01c96043671a288c7c4aaa42a5b8ba868c375eee,0.9793682509709959
01ca557065bc55360ca46692666daed22171e3b6,0.8545931403169161
01cfd396be520cf9912ab0820589e03d7975bb61,0.9990681947616438
01d2041cbf3923f1789e060cf5c8b6c0b40a4b06,0.9977930594093105
0210a15e4efca69bc1835f15db21ab8bc1321a69,0.983533888774785
0244c3b08a291753001b6b09435e0d4ba4a31ba8,0.6744026302875631
025d831c09a09594c3135038465913a736d19a22,0.9938332960972229
02813a38c81c7cee934c2820b143db531cd77418,0.9756504780392192
0289a39ec6680a5922b6a02146665e06f711677e,0.9997907256135687
02bd2cfe30c4ae7e3f68bee1852d0595d3105823,0.9976460618149815
02d4caf833d8731d7bc58f4a8c132e009d00dcb9,0.9997345179069591
02e18e7fb9e9eacd888bd4874a6e8c73a5e859c3,0.9657627887128802
0305744f4b8979cb4d7ddf7fcb4687dfba11535d,0.9890636802565729
030cdede52d1bc407379cf53eb7a3b4a8322a616,0.9948978696130607
033291d406a569c07e2f44d6df9afadf2c8aa93a,0.9987202663318308
038e560d39085a92221c48cd45096cfe007067fa,0.9998709551816849
039111eb46b850cb28c8d8364c20445dbc2dd657,0.9931516669284652
0391a95d7318758f122b879c72f53344c10337f9,0.9999526325744296
03931cd9a613ce9f9700284183d7cd4e8deee594,0.9616723942123825
03beaa966577795825d13e5797afd20b0a6d9198,0.9788448721800879
03ce7f293bd377345f19a90974d150dd617e81d2,0.9999150831422986
0462a2099532439a533971daa5ea805a5c953ad2,0.9990475979222176
04829c7dba52b160b7acc9e67d6cdfbd9b957fac,0.9995167777323133
049d6c28695f0c79088764355330d3de633bdfc9,0.9992622994153179
04b0fd999fdcdd1a6647a4b804699f32b0c4212c,0.9993782971679451
04d86e50b5e98b54f63e9dd42aaab0393735c996,0.8253472815583385
053d47563cd9f0fe2993f0ec301a430756571508,0.999986350235897
053deece76374a9e37428d8ec2063d106120ed45,0.9999865878899742
05712faecaae1d540af563d302b34292d867d4dd,0.9317234872871112
05950ed6f679a557fb86bdb4a32787b34d349502,0.8391482464551561
059645e8dca2af371e9585d4795139183cc380df,0.8487564201669078
064001c0b41a0e9583282aff846474d580edc5a2,0.9998708908007063
064518924c7c6bde044603b1cca2b5ab4ecdb5d2,0.8071698337741354
0645b0f71f8262ca7c635a990415a30a51cf4357,0.6352990219442529
0668d1d92655b0cf087703f51ea108e6eae86fd4,0.8515774688953707
068816e5e6e19649300fc3c16e5af4446da3ebe8,0.648073964178772
06b955b3bff9899ac0d1a94ae21c0c94f6749c63,0.9998756399676952
06c382facc93cfae960231f361f1b6eff3569d14,0.9905236683398039
06c90804e2115e0bcaa6d600cd58a3e544f30ebe,0.9137624903385084
06e82acdbdff6648cbd3959f3cf9e3db38a31429,0.9999854212570939
07231597a634e116d97451fa6d5e883c83201d53,0.9998913949256444
07510ad89f63cff48b0f709e46b8a128550df974,0.9996667997247753
077f22783e0965d1e1cb0e248abe4ccd7c0d3358,0.9991882295824519
0792a5deca31e70e00cd827f2ef6f99e05a8643e,0.8609888427297122
07a8b4b5cad188d4b933021bb4cc49cb49e9a891,0.9702975799672579
07e5fbbe4a5dd531de784d1ddb8f3a3dc87e379f,0.6547619125571319
07e9fa559b4903352a8a11634fb66f9f830762b5,0.9997186263845904
08054fd51be0f27839fc6bad00183687483dbbce,0.997591320451812
083af700516f595473f474341d2bc223ace8a52e,0.7637165560748708
088d1f01fcd67dafc66460a88137e04ed62a9604,0.9857375929294276
08b97b5b0b19576d8744fd5e9517aaebde3550b2,0.9999080661887388
08fc352c8840af3f22938dcf2b1894300a687d26,0.9997256603745566
092676e3254a1189dae593d838de1043e0d4afc4,0.9994424085889559
095022ecdea2f8b7b6bea5e978a83f8a2a742147,0.6545025385799644
0961afffd2dfe9656b1cdfb1b5934c2ac5689efb,0.9999679428791901
09c42e2c1f5ae79f5e877d154af22269b7febdd0,0.9998335966408597
09d506eaf43f8329a6f39b6cd402b77347a1cd78,0.9998668565685558
0a206d527f99bb501b4752af0472d591788d184b,0.999981441797001
0a2f3681f5d706027b77f239bb43e71db9b9facb,0.9991595978620044
0a49483133e51146bdd83743e4becbf75fe4700c,0.999750229522674
0a6c39c31b47ebe9d9f2ba838244afc7f3617ffd,0.9999238030458916
0a6e4b003f5acde447f36aa9f45c761aac32f181,0.999791887015484
0a7981118e0a3b8c876ee18c07a600510eb24d2f,0.9983113785149509
0a88e47d221edaf8a24dda341e821ae8617647ee,0.9995773083946248
0ab4a307476839142ae723d019967913ed9812b1,0.7590793864927033
0b602149cf1612e4cf6c8d8f18eb18ad3b382f34,0.9991048151256076
0b8ff0c1fa32b248eebeb30d112ea7a57afbd9f1,0.9999085710000845
0ba6a712f07530d25563e10400499455280e0779,0.9998382141408317
0bf28768198968b637bfe2f946a23820df26923b,0.9999304004104325
0c0c6cf91154d722fbbdd5496519acd13c0efb07,0.999636342237658
0c6d3bfd7abd9e957aa0a00c3dcdf11254b83f49,0.9998184712185354
0c87f85f145d132bf4f869eb1479d4f5431fd822,0.998563267831324
0ce74050b15681edee10bddb3025bd8cb6702457,0.9989253318517874
0d042c810bd57beaa49d3d33276bf5841d5d44dd,0.9999124008376747
0d5e82c65c5bf5e69bd610e639ccfb414f149a70,0.9999290591589675
0d853eb8a50289d28bf7d1e8026c5ab32a95560c,0.9986739989625136
0e15a8f2379b67ac1af10bc007ab953c9162eed1,0.8784410126667475
0e38436814119cd7f59388509098ed672a973eac,0.9989378487228319
0e7017ec97772687a238df6c987629206c6f698c,0.9997460581145028
0e7169ab90268074fe1501903d1f3074f6cb1529,0.9827610065356751
0ea1888ac7129e5caeec88fb7d9d9e723bdfc788,0.9998148375828049
0ec9aa525aa6d222a5478be1baa44cb48e89dac9,0.9995464797746171
0ed69e22d2e08ce0667a60ab4e026ae83f21528c,0.9999886991540264
0f51efcb944dc5cc30f124e8ac9f649ce1803013,0.9995564669080299
0f845a13b6c8d5a484630eb902e6d3f60c0f5c60,0.9996825522596872
107e953ccec9b8bd9df677c570a77c4d0dd9d576,0.9999720011893081
1080d98d8b5b5c4209f92dcc5bf949ca87915e53,0.999996614328031
109dfa2c5e10352ee913b3ba1a7fdcdf1b3666c0,0.9993822833553342
10d104a255851888626f9885b0f9599429e5145e,0.9993366189987606
10da5cecccc0fd26de355dd565e1b0e7a0c66a57,0.999850338281839
113f020772fc8096edf034254a31d6d3354e8193,0.9991067319223642
11829a579b55be786ce8570a8323834250279c2a,0.9996652419375354
11a112ced1c85e620f6d97d82281a1bb58614e67,0.9989506128107178
11ba0f39e5d4d7ab23d5df481d81b6352d24d1d1,0.9759998282487558
1224da688c3d6f0161bb02af5104f978c7e6348c,0.9518146217830779
1270e859ffbd0ee51dfa524807f82b80007bb883,0.9998655388699145
12a75d6223c4f7a8dc385c2f10bb1210204c2fa5,0.999937451768646
13056e9a78cdac3689779bc575f47034118cfb25,0.9999803073362185
1335f05d50e7d2e097648dc612b44a95f8bf39bd,0.9673926452413232
135564e9c33f7abcb19bbdbfc571af0ea2c77f82,0.997928143015994
137732f35956236f8bc6086c9ac1eb33bbbd54ea,0.999635528763719
13842b7854ec05c35db9bfad812ee23be9c22d80,0.9999260001701149
145c4923e5223dc15525841460a8dac2090eb874,0.9998900186645818
14c565d1afa356e1d57591dc6689bf005d62d1bb,0.9999234901293415
15781e87bcf2e94c32d1dff071c9cfb01625f9ca,0.9999690189744177
15877c241a2ca60b58627412b7c66a8037275d8d,0.9997131150454929
15cddc075c92217ef93bc66bdc48f9244414e899,0.9983840893728658
1609a4575da1e7f70557c208fe92f4f37e3a027d,0.999949440433977
161b1e4b589efe004947f5d68f61f5ae0cc4dd75,0.8611156603202201
16331e7407bd9af677e0da2c79fc766d1ce2c3a4,0.999339395585743
16349ee74c8c17b036856ce2768adb6e710a9642,0.9999128077875001
1665a7c97702ef7179bcb1e186705fe73e545b19,0.9995732448640133
168995cb81e073e5a0f93adc4fe57b442efa9d67,0.9970548882055884
16a4267edaf1106f04b08cda0847671c89e1efab,0.9594741098455674
16b6f531dbc0f5e648d921d07047af48885e47ad,0.9803031535067745
16ce66aee20aa6ef7da942626c554ca1c8e1a977,0.9945938317061581
16fa0a18c8ba5d977bf03891fd9a4f62d52b30b7,0.9987621585551422
17585e5fc601ba25d02d211cce3435af5a395c4d,0.9999578319780521
179ce671ea3ef78931776bc68ca1ae15cba6c563,0.9924114945071009
17e22eb4a3bfa166e98b9217e96fc403f5dc2099,0.9998939568223139
18667869fd6db0700bb35f42780de2366ca404a5,0.9419569487593744
18f7e9ae7fd1a8fad2d8335e15bb4ecbafcf9932,0.997970757126638
190f879e0511b8a73902ec596d9d837199eff8d3,0.9987268751913553
192d1926c1b5e288f33859eb37a383d0f40fdb13,0.9999702257880443
192d3e4f80b28f81e725024ed137b877586587be,0.9999280142820501
19cd374bbc002eae26bc157618baed8b5ec269c7,0.9238738725759281
19ff76dc44fc872abc86ab446e637b082ede9e30,0.9991393480052224
1a0868d0ce11424d728b07b8409b20822364c30b,0.997613794648669
1a4e9be1ebf8b217145db79a8506e20dad3d6368,0.9999221939091428
1a95bfda9deba89c5460031f9aa1abe74c949931,0.9989647182805591
1aaab084561af1a9161b37663442f28fe6fabba7,0.9396932465380575
1adbfbc99f490f78f8d044cf2bdf79e67906331c,0.9927599619506858
1b66de38b5d219c7732f10bf9852ccf4794bae1c,0.9998858097983037
1b8a011aa1760ffafd0edc8b94112af137a2affb,0.9944279133012851
1bd80d649078b8fef0e30aee6e4a0f204948a00c,0.795943104379589
1be582f4864bb68faa5cc5f7218171f26c3076b0,0.9950813278086783
1c22ea8f147aef723fdd44b69e0ec480603a3073,0.9966415210781654
1cf49db16880491a205eda031aa9c155383b9141,0.9997726098272526
1d0feeb28407e7cc72277f0486ab8cef519630d3,0.997784614469805
1d12ce767f85a13ea3fb5fef55e42cd4ece29091,0.9999326058023654
1d1ababa198d3990ea36ff7d8669c386b599c03e,0.9992300355169458
1d46cc7798246c41908db100d389b5dd659d8539,0.9998083675443498
1d58f41f29f2f3d7e85f4e67dc15e14c4ce5f74c,0.9997562282485908
1dd0877fe62a2372afb11c17e5ab2f19da812782,0.9998443779831631
1e1df5e5777613003cb6684e1673a32d4242f8c7,0.9993745535285349
1ed61afab33fcb51727114b6b6e767d47876ea12,0.9999812805909825
1f4192ad5bcbf65cd0ec402bdc0a1610ad7c13aa,0.956939371347954
1f83d4a912b2ce2449fdc1a0b326143aff32ad10,0.9987798757242647
1fbc0a04712eec86c8764bf7eb134b39ee58c4d6,0.9998807211998207
1fbede47666d9b3feb22b296dae7efd7208f21c2,0.9977048980098765
1fc8a426760d4b137af781c581544f34553a7a64,0.9998873048787704
1fd06cb6a9f2dd33eb20fc508365edc78ce3ce08,0.9990466531241986
20eb9f5606e2de84915be4c51ae3cce73678eff8,0.9999361464166795
211ea6f548465e1e4cdf5ddf55c39e18a264e080,0.9983681480494793
2127fa62e8302e8d0d63ee8da9ec52f1cc07c308,0.9998136127815574
21339049f9f2dbbe4bd1a551573819232612257c,0.9360180322087717
21d912ed826c0f7679b8b13b5323815792b2c1a0,0.9999879931014224
222ba4cdb0149297f2e3405212065a7e079d76b1,0.9996077608182126
223a220178734017a25d5932cf30f478aae29b05,0.9975371401758637
22985bb95973ab18e11d0db025661c7fd0a6e8c8,0.9997752662301689
22d0524d70e49f3045c9362b878532e67565aedb,0.9995037157883373
22f794a2eb203d046749ab419af399d6fb58eb05,0.9987980571165654
235be3f988e44d94a3c569f1a7aea1b9cbd3a0c7,0.9994108058699848
237b10c5a4e852622e815af2fe3f7263bd1d59cb,0.9987234459174739
23c2f540d3698ab92f51d5009b8e90cf59437f44,0.8844269264286646
23d21075db5a2d6569ea2b533c6fdbb5a94cafc1,0.9996280713443464
243b0ee3206bd1fb74f342b873fd010315a395e5,0.8997099016318929
24eb69b4d3a5866cca8ca108bbb48a94882dcd63,0.9933883085851966
2559323923e744e92b798f18d2753fc9c55d5123,0.9999104955952556
258567cd2a53b0095d9cf946a4ab7fd126f28b2f,0.9944976151220206
25a1e6c8aa285f058974d008f0a4bc651431d155,0.9933797441455582
267c14223052f6ed4eb4679c52deaaf5db6ddf0f,0.9755836396499866
26b70a549c237412b777249c52eec88aaf9fe485,0.9999795338666364
26c5d5d3aa6d9db534e66b0211bc9fa0e17ea6d5,0.9913371458033436
270335b084a0616822bb9f3ae6bc7b35f493d6f3,0.9991005730277507
2706c3c9408af9a3b42a5306ba31c089195b8fd0,0.843891851652707
272070fc59b209fed9db15669b0a43068660c037,0.9968888693293896
272f3fbc3a079c20d58387d9d5de7fe2bbbb2b20,0.9902860041022086
27684d61ce7c0848c27e83869b13848dd7cc4175,0.9996486673696485
2796cce029056e35731010d7955bae7ba5a4bc72,0.9995259585475584
27a6233f7fa15a85cc694e34ed3bf550b536a28d,0.9999341339455835
27b26ee3a43a2690990df46a8ff97e3ecaa38a78,0.9999554384416586
28075bba42d7cd69c1613591f19ba4b1980d1c59,0.999632873109597
281b98dd9065f6b9b9fd05ebaaa586606f80b3a8,0.9997995046806003
28610b56c1681c4e7f61218665f6ce520da48605,0.9390124981805759
287733a87bac2e933215ca1a4e338d626c7ccc9b,0.9987251950948405
28775fdd9eb76747d45dceb3e3b386822e9dd58c,0.980145321418539
28d396bb44e4d8dc598f58e9bba69f6e9821c0da,0.916501152473809
28f9f43dbc61c1805b53cb90a8ec03599a273537,0.9355824849789706
2914f2e941126b01ef8ab48a80202d8b28e4a98f,0.9995692441782746
292fa46826b0fea2417f23c1473225e1d43471bb,0.9999838039174378
29a25f59c9ab313dba122a19685cb555355f2415,0.997110206363476
29a69200b82ebe89aa08a708c06f767acd778488,0.9285513347408763
29b1e4d656af5084f46279bbce2d18fd324004f2,0.9993371143370651
29bb4f1f5ebab3609c7d5bc9e2f9c1dad42c5182,0.9786143469472735
29ef413cff39399bc8f9de62c5614a50716d2b34,0.9941200927297424
2a1da268b287232ce4fde877ba12e1b86ddcf4f0,0.9998784150688304
2a7847b9f5702d6aad1aa8235820aef168a620b8,0.9267920276030309
2a869f4b60a082209edcb586598ce8e6e620c704,0.9998243019865405
2b1f98e6e0eaf4ccc278198a57880eabf58fac90,0.9909459131359485
2b2c6a288666caa10df6d2746325d7a4b0ad5cd3,0.9999124392224948
2b456d82740e072ede25c925c17db19cfb7729df,0.9999345469152345
2b4cbf9bcb5abf8fbaf1b7a56d0f31cae4038b77,0.9999854422986829
2b5e2fdb0a075c5876e37ce7c80020f5cb661078,0.9997661368129418
2b761a88ae4ef0d57d410611d9f149b0fd3340e8,0.9734354667475512
2ba6706da1f0fcfede84c62acca90178c7ccd7ed,0.9999844896022346
2baa665c0073a2c5472d52d4867f46367facfb74,0.9999177454670231
2bccf4007def21bd430f923d3037771052a9794d,0.9996916616546849
2c9214be618d91b6a4ab6bc1276f1dd5c3e1bc55,0.9994136160576628
2cb110fca659bc399946d9c9a0aec5207ff4e5ff,0.7823367036047171
2cd72ae1b3d70ab1a27e66de908b1c44e80252b9,0.9999512799203797
2d087224eda8552a74d7d84884e5dcf328f008ec,0.9931055995381339
2d532a421852a0377dbc758ad6085672635fbccf,0.9986972299946679
2d58f492987f154f690dc55b377088506d1f473e,0.9999098212172279
2d96cc9c1728400daa2dca90236d358ebace8ff3,0.9877816563134786
2dbf910998920c0a10a26947792b5a71f054218d,0.9904071759339634
2deded3c97220d819b71f29435c9deb4e75f32bc,0.999934541621236
2e32900ba04af11859d0d344dd405573fdbca703,0.9999343861167063
2e3cf2d001dda06a12af2f0be4cb085a2a1f1719,0.9981994537896393
2e6a8f624626f91cbaeaf8c9e99afbf40432004b,0.9770702992621002
2e947ed088ea4410c3c18566533bed4a6e5da5a8,0.9999882486539263
2e9e547edcb7340920e1b849bcac39e4f5749b3a,0.9994656679098475
2ed3a2a516d1ee1515b6d9ec526a33c2c1c15b5e,0.9994935772256219
2ed5db0d2a9c3f0391bff96c2767e13278d96544,0.9998108811731702
2f5723a58d69dbcde6737abcbcb6e2a3d0455382,0.9999432095215695
2fadd860f99823878d99d2247044b55d0adf1f88,0.9662148464551025
2fdffcd7c4e6e817b369ea94d4ea3262eddb56b2,0.9999158290038549
2fe544ce2239356dfc6877cf06fadbe9fe070e38,0.9846808343875585
2ff6491af84a95eb9f257d7c275b834f608cf829,0.9975975182843613
30412b790f0abc180655a516e2a90ff0b554fc29,0.887789182651327
30677fdd501bd823846e03215b0b1fba41cabfa9,0.9992563469808466
308cd1bc63f89375c5178b1875156f3a526da061,0.9994643436098631
30b429ac69aad5f97fe6aff0394928092bbfa16c,0.9998476108032358
3165737a53e1ca16d98fc29f94e4c8a2f5f5618d,0.9507926214627468
31973166459e240fc4763b6724e6c06b73487666,0.999290304996271
31a15390d593878e59de3c2f67a223f7031f900d,0.99994805638958
320f1b7ef27c6578655240996bdcd1ec06a1be72,0.9998835316824735
326307ff66e0fd20afeb11721958e655258f5f49,0.9999587140638948
329090d077f862ed845b9dd5a7de2905464cd903,0.9998504672839457
3298f5c5c7db84efbb05e1b6ca054cb45482dae7,0.9995861292188787
329b2cb8f4a3182fce24b906c7ad24044b4bb111,0.9999184555092447
335ce45aa86bfc855c5e5cf1a313f2f7d64b2c65,0.999681741995841
338ab2bca8fb3a87b02538ea1fb4a0b94ab84f85,0.9999656869094372
33d85305e4ff7586486e92c0deb14dd9d9550c4e,0.9976957020399393
33e27e7001cc306b9d439a5800ad81f72c474645,0.9985633631785237
33eff76a75d9ecf46be0c30ebf4860bab8f9b842,0.9853576706070046
340d0667109bc8d93495ae8fd38f12bc3a2d7406,0.9933140986577208
3422854289a635783d2ce13201a339e2aa3b5946,0.9999621453212603
34b6f9eccb1f3dd653c2ba0e4f95d63b2f0f8a2d,0.9998419661381966
34cdf55b1b94725a122f2926508a29ed60aea543,0.998090996821971
34f988857cf5cb7e15a946ca799fffd9c0d42b23,0.9999584040004134
360d99bf5985624f9cb15fb04e8e75286347d9bf,0.9998409104099447
363c0db266a3b5d7676b9f9bad18acfe4e951fd0,0.9998688931026478
368956c09887b8b7af34d3e475688e3374d9d713,0.9996518512148693
36a62c766befb37d7b3aba4f083b7bfea68a54a4,0.9994278643735689
36c818db4090915c631f7ead3de271544a995e70,0.9973450110059311
36f64414cf81ede383f28900c20f07e07b8bb887,0.9996888681541718
37010e7252a4607ecedf5ef375dd609a1ef44377,0.9646211851945713
3716ec47a8a97109791958586e9248bd6dbf10d2,0.9993415478002307
37af730fb96e74f381ca40ef59c19b160ac5d369,0.9999628634148671
384029abe370f4e65c4dd39389cfa4869e5e54bc,0.9393540825561023
38ac201b5fd4fec77fb1d581d9fb4955c6110ca6,0.9335136990150376
391312bf9c2c070b0d1afdbc609959fec1c1773a,0.9985854969848299
391bf1f7d6996c6d2bc922afabff2cbc59086037,0.9973011468462888
396bcb30b609e0677be674506c1e9e7614f90dd9,0.894421227222349
397a1764f42111dcb204e789ac0bce449c1ea59a,0.7871086372201443
3985ab278f1d75e95407b7b7fe700688c058dd46,0.9999683258289586
399e826c37c22bfe78da60dde174c9c1e0f98fe9,0.9969377204164368
3a7e89136e33e077e4b439c4e2f2bc5021cb5a2e,0.9944626250477484
3b3369a0a9ba5c261bbb0a60efc874383590e67a,0.9978892690607478
3baa3180627130b64b141b8f5f555b46818ed034,0.8288854600605665
3bbc6272a953cba6747a92517b1e0a35ea128858,0.9999176706916225
3bd102092cf271a7c30088a5026020b63286429c,0.9951078539893173
3bf0cbc1915fd4b87dcb6a1ff189cf00ccbd82ef,0.997618077326365
3bff4da3cb08b7d2499d3917ae3eaadf3a4d5f4d,0.9999166266949837
3c45299a26adefdde79ef1d989f3500b73f5cce8,0.7270927664150881
3c49432fd565e4279cf4b706a8e33dffcdc9fcfe,0.9986044699598923
3c8024c663dbf0f8d9db22efba4a702a9502c059,0.9987305168678118
3cc9f319d518ef7fff0648d1eea86d64003f7830,0.974368214655752
3ce2c50b73f45134a47b2ada58f3641e2c0762f4,0.9996871462641393
3d09865aaa3f9ee153e7f9ab837a9baf804f1992,0.7246859385860462
3d1145ee1cd9deecea59a0bb48df511999e1eb98,0.9968008212850836
3d383dab013ebd98eb845a90325f690d0b6a50f8,0.9998198452939903
3d62f7951be99bcd6e3f34169799df6c7a98a9b4,0.9997899081566552
3d65e6c5909452b1bf0393133e3ddcae633e0001,0.9999784151981215
3db64d9555a5461037307c2ce8496733496ed607,0.9998409732332741
3e397079f8596a3ea555de69becf96955f64a96c,0.9981662939152309
3e967b2cb1139cdab2f062fe0005898007a2d247,0.9991209829030775
3ec110bba0110ab5c616b09f43e7368bdac1b742,0.9481230438383978
3ed8538f3ddf3b8a03303c8896d5419ce931dc6b,0.9999094167632222
3ee9efc10fdef5ae2935ccab29dc12cb85174639,0.9995453782787592
3f26db2e11ebdd679026e332d60a0f5bf71756f1,0.9991779439030313
3f40f4ecc699c3d9c984a906067657a6223e401c,0.9220740799087959
3f4e6b388d3ccb17760c90af04d06c65d1e9ae4b,0.9991081804057289
3f5da7279576312fbd4903ccf5641b3f3547ed13,0.9994077569651665
3f99851e584baf771d6ac51de0bb08366d1c38de,0.9953049917619087
3fa81bc20127ebaabad64327cf8700370efa2bcf,0.9989162554875914
3fc3e88dd10e6afa3a83c0628f62fc0e2d060b95,0.9999182995878265
40854a33df3c8477f132f3b34d9ffb8e4d586f2e,0.9996283077990332
40aaf66335bed8305505f09ea3eeb19291556c22,0.9988467772394103
40c40f927f45c57f06f65c2c4fee5c616397a5d3,0.8879810011421392
40e67f6fa5617662252b790eddd09a8525ca63f1,0.9754180093216231
416cd3c509c24460bbaba8f96bc67c672de2bc08,0.9990063206250487
4178d3e55cb5a4bb27bef0c8b478b3bb7b9dabba,0.9998137674331619
41b819e4694c54f9cbdb53371ea52536b7b0e0f0,0.9758846743168044
41d5575a584a3dc99583f61f1bf2ce9e13271b49,0.9993611619818523
422d4fe71439b6a3fcf11eb88b4b6470aeccf522,0.9982774110999767
4273e5758e915e2f004d19493c77eb40f72c3aac,0.9999079008329603
431685e13084491ad0b55980c32e89dc51b2460b,0.6432666359167094
433f1af44603d12596cb3c6f0ef504ea0fde6884,0.9998212007935383
4387d262bd314b2a4643682bee055bd24d69982f,0.9998848615382295
43c50ccbfbcc8a542c69a481e4967592987f6133,0.9966868464123531
43cdd9bcff01e80713af243417de400f0b175a07,0.9997532298916659
44041f7c4fda6216593bab996188e54faf98759b,0.9990367631660171
440755e4134cdece2ad3dc92f57a83dd14c54181,0.9998096675213993
45289da8725aeef37dacb8298820970512191e57,0.9920453320532343
4749cd01e88f66888e13bbbbf3838de3504d8acc,0.999799017255998
47ef63f593b93af3d19564bc26e010384ccb7754,0.9999746559603196
4810b59efe58140a525dad9c5b07659f028b3a2f,0.9997951115135469
4842a78257c50a0cbcdd3d53648e3cb8640a6b9d,0.9961581306785143
484b2a75964b75771b9f6f33702471dd3f6807f1,0.9995980236751083
488244e61a204b053b53e90cf02d03e67788b6da,0.9999520995581037
489d9b0492a5283a9599370d209636db1b6c653e,0.9999960414673613
4900538200e227fb98cb5a6f0d852eae4f0354cf,0.9998971844047705
4926d9f59e5890646fb23025270ab109e7f17d81,0.9978461036995766
49ebbc91f805a93b360ca8008cb8155918d585b9,0.9999808061168962
49f3860c3bfcdf72fae55203367fb01a5a27ca53,0.9999347584484991
4a17c74487ee6d1760039d456b2437de16825f7a,0.9627149322517138
4b878acce00f9a3d5cdc1f3344ec325a7dd28784,0.998317591692345
4b8d264bec216fd6c88138262b8e42f35fa1bac8,0.998755306440509
4be3f27802b16d717d93867b0f7d1b10710b04ff,0.9975435030480441
4c3e9df89305cc112b3f1481ff7df2868f7045e6,0.9954249376911415
4ca8c2bbdbdf8d01b81c5aaf098dbfcc6909a1b8,0.9859554218083917
4da92548695cf2fbf24f2bdbf62ae15f3f40d254,0.9998709949238697
4db7fc5cafa31f3cd393e04977faead7e2eec40e,0.99743198462073
4dc52fdc04ae6b5ca0069b00c0ed9856e4cc23c0,0.9930771904834963
4e584bddfd0f137937ad3cf9dcb09560936aa6e2,0.9999793864528151
4e78655338655894401bf7eb1efee55c1451314d,0.9970811369387143
4eae67104bcd193e0cff6b53ca99775b98a314e2,0.999939307867827
4ebd03215e45ed8cc4f963c3af4067729f137fca,0.9737070384518628
4ec97e9d9f224e1a337998cb123220c2637e45f6,0.9980538539759506
4f56fd49dd798ec5bb8045bb20e6ec4ae0892cf4,0.806976060017969
4f593f0a3d4a07c934efe95f80dd63229d085053,0.9995563894179954
4f5b0ae3b1c48af0d385ed0c3cccba1ad908b561,0.9806372935030537
4fcb46bf3d6ebf0ac61080bfe4428c8f3905b26a,0.9202720137659152
501b60744348b63cb6dfb7b400a0dc80d6e8d64e,0.9989875164241772
505df5b5846d13b987a334419b3b56490fc6e902,0.7427908249693657
50a51f3cd392ca9a3c51d1d1b63d2ce1e44ccedc,0.9995061157698863
51131291a7120e8ca5090c7d9beccf84adeb9463,0.9999231354817539
51342afaf0e2588e3961f2e274b235422d32ae78,0.9993379400093947
51cb5da5a0256192175a120c157b2c48d69c55a6,0.9999406135843357
523951e35c9ec02435ee430dad76166c0055109a,0.9868629661948205
52a3ead0281795007b0fea2cfcf0e92bb722c71b,0.9994641798122287
52c668145022b7b668e383bcb11fa630ab2aa2e4,0.9999843636055004
53464ba96d870d0776668727bc6890efe809440d,0.9999498780053175
538fbab596ea3b9b760259c4487d6aa0c4be3b2b,0.989845844306052
54296bbebddfcc0f29b7a7a4c32d61271d864fc1,0.9995668267164747
5482fe11a47950339e5f911b5be5db46783950fb,0.9976249949914122
549ff62e86e256619e61e854e6b8fa0804292572,0.9997025532098992
552b4d07a053c301ddb6f96e216ba9dce76470c5,0.9242181027912394
558c4ed7999d9c70f2de6b1a6f4fb61a0e111420,0.9964914181898005
55d437f05ed44b0591315e7a579a80c2c92c98e1,0.7792994265323574
55fb0a0e8d47489b35a6c23cc2b9768702f1a897,0.9987805977977094
56a7e3ca04245b2dbd25ae606af2aa452064362d,0.9998710874723367
573a36e431f3f412d0ed0b9e93f76a1a97d9bc7e,0.9989649080366159
5762fd6d2937fa00da6cb0a4534812541efeedfa,0.9980160965483605
57bb889a7477e9f799c27bba8d67f667022d1343,0.9997071755629953
57f07cde4e4087b8ead4899a1903867ee6208a79,0.9998993774519381
5817682c10c65eec03a4a6a827dc9f9275edb735,0.9998726032383517
5846d022f4dc9c22f746488ff272c67a14358bc7,0.9995988500536078
586b5ccb86e1266dc4fbddeda2488b846b14c3b8,0.9995554266706597
58dd900a5f14053a7f8226c1aa4d52cfd69ac406,0.999840053203484
58f60dd12a81a37d2cc21f35e67a0a6a2a0cb59a,0.8694297107121556
58f62c44424a119a1d0f5b707d97c27eb50427a0,0.999682478524125
594149b6431cc346806a92f05275fbfaf2507959,0.9988901926582459
59b46f14130990b5f83d7b1f37fa1a9baab31412,0.621221202188248
59e3f63d22f4c532e981e4ba88ba8590bb3128f5,0.9998834813498292
5a875fe22da0397c88d64a330e977f8c64d6ab98,0.998330095488093
5ab261a22cbf247c71a6e9401882a0c9e7a65245,0.9998557031979284
5ae1341da7ed3b29f88201563c85b12b0112a65a,0.9959737993355682
5ae3d04e81a4927b38679f30622721d9e9079dd4,0.9997527248738007
5ae814f9ecc43cc4e84a6a87c76fac77b3ca4812,0.9995789765034044
5b23bdd74572badafd20d53d8f98fc2d6ae8d5ef,0.9998385411631404
5b77411aa473d783feea0427b5458742f56dc819,0.9998380260211998
5bdcdebc48a8cac1c5f5ef5be7b5b0db9fbfc269,0.9996723576696319
5c11669ed80999675b67b05931e7c88a22e4fd82,0.9940331279341645
5dabb4ac3236f5252c52bb5e2a3a7ade2e1816d1,0.9070592081308061
5dafc7595f531bf6ee571462f6454aec59a91fb5,0.9994118300066632
5e50ff3f2500974f9f90b1856e38c427e71f11e8,0.9997782806518654
5e9ccc156e453bb995f270ef1c38b17f6173425e,0.999509241846938
5ea22f56687a136b013ec3af615802753683e996,0.9997261604871952
5ea3e5f9f5b217b39bc303871d907b6536ed24fa,0.9984781177056914
5ee1dd4f9d9a344609739d60b326646fd9bcb7f8,0.9500751092145606
5f8d6605b9eae686bee41b1fd005cdfd79f9336f,0.9995958265147699
5f8f751a84e67575cef011998ff1e7e83be25d5b,0.9976686540160404
6077d090242eed9c0c4a476e3357dba3c848fe92,0.8999601739536741
6099c6da45998d3ab8b14726932fac6e1fd19dcd,0.678972774679569
60b75e5357c65a3ee9e9f91593d1ac6dee39b1d4,0.9915726006665888
60e9ff2f44c38cae4bdf8a33c0d7779ae9442548,0.9999852548710861
615043b57cfaf6f1f2f648280d425a04af3a6425,0.9999501227876564
62c206fb3f72e875616c765f2774e2fad1e809ae,0.9985664886095087
635bb291a4de553ee1d09a1e176bbb5338e9f989,0.9999019111202481
63921476819031b70279e4d86a006f1caf7d1af7,0.9988020055106082
639e15fedb520667557d6e2ca6d2c4764a1c8bd5,0.9999738008166049
6404f3fa9d01405dad113b2d23029c9c90bbc531,0.9998256823081797
64b35b885730ea3baf7caf8eab9d7d759dee50c7,0.9998545431964332
64b81e9dec0da4bc1f584824bad979734f5782b6,0.9991549144457113
650276b005426a0671f3780b015ece8d17316c84,0.99987902878059
6559b816aa1f27985da871e83154a5b662afc468,0.9962579824477626
65abd726515921a5aeff650923602ae52b1f1664,0.9942262433482655
65bdc3cb44e105c334a2b11829551b205bb0ac26,0.9998006704802345
65be932ba79946306a24076cf0e15d584f443e15,0.9985924152540913
65e0da08dc77e6cd7144bf999910a59c4f3d78b6,0.9993320390507728
6667a9090bbbf900fc104f144a3f52c731a6e20a,0.878432897545044
666cae7435f3412a8bc870eac7824395e85fc0a6,0.9995512657781459
674b7683ceb73461c4ef673d0a51797d03204797,0.9662663599789683
67b2f44d90d95348a5dac8d855192046ace7bd0e,0.9945723242830945
68015d21c20822d8369b6f1d2e37ce482dcab8fe,0.9632683193501297
681db8fc0e0e02a2c767b281db0cdf03d451dec6,0.9998897412548066
682f91d9a735416ae4c048d3321d210adf363d65,0.998271803471934
682fc5616896593ec3f5728c85d74deb9ab1be8f,0.9987468037054021
6861dda5b25e4c4a1fbc368d5e2784ee3dc264a1,0.9996677687239397
68d56d2588b7c82b73d42518894fa3e3dfcba49b,0.9979168926045144
694b472694570efad605ec631e157cbbb6192e6a,0.9999599703059944
69574d05362ce02e1ba5067abec4a45cab1a34c8,0.997803477299048
6993198cde77b1dd95be9bfbf99a45741c14eec8,0.996609825089602
69c2a2d15652943e77b198febd2d03347e42616b,0.9999324347751904
6a3bcdd377aa1bae7aad17fca56dffabd6fb3a6e,0.9069897120086157
6a8f50bd71d8ba11aa37a397a46d05001e69a63d,0.9997295732115286
6aafb6c5f7fd2dcecee1e0e6ed1c8b8bffc7422f,0.997511364425337
6ac00f203d56255090ad6a9df316573dfb7ade1c,0.9997627141268952
6b3e71ad53ca07645be174445bccd9f009d6a509,0.9994644684401517
6b6fb75175b8d847bc3b2ce553a8e1396f5a78f6,0.997598929190724
6c0dfd5fef1802eec24515ca9d3229233eadb545,0.9999963642309626
6c2921cbf15b5ea7a729390a5f08e676c3cecb3b,0.9997689771107516
6c32e95f5f0a893d0b8fd1e9e97f407d84bce7ba,0.9966513163795923
6c48b5eb2c03f069dfb2c6116a4dea0698995264,0.99500589339375
6ca815c6822552340348f299813034cacd972ba0,0.7947548402008774
6cc8dadc1d5ab0760bde872fae6e1e04613e5a9f,0.9998372553509047
6d4e357f95bc47796562ba664b3755e3db1bf4e4,0.9999188986385109
6d6da6b90b7ea34c197d993e4c719edf6ad22d41,0.9999453573130596
6d8f18e083aeab5650788d87deafeaf6e88587c9,0.9997457955168164
6da6b9756ee8c23e63db3e6a00a71c8f8d183875,0.9985511708047905
6f09afda42df08e5dbcce46aaa716e3203c03cf9,0.9988366702677888
6f38c68049d9ecc36318c9df487ce8f14e3cb467,0.9999088876446764
6f5ed88c9707471f595d22de6ecd5589d931bc4b,0.9997548881400475
6f6200e6c68660f86a55fda250db8cae6b63666c,0.9999751350916312
6f6f5405d5a6d63e284cadea4f9199ad4a7f8f21,0.9994387268281678
6f98e637735b187cd156c79b8f022a0bc63d5fc5,0.9995218554831898
702ad8414255b3332e9b7f2b40f068fd92eb7886,0.9982674489755194
709841fdbd2649db7209dd3fe218442af92cf7bc,0.999898666929964
70b7a9510d114272d4af89ede5ab139a6cfc3cca,0.9995892321197287
70e24320d41fbcf7da684cebc8bdf7eb8caf0335,0.9996395713703714
70ea3fe9dd4ffe179962aacf8e13b507af0187ee,0.9999769831775353
7119ecce91aa4ff84fe54ae2dd8a91d0a6551abe,0.9948119785145884
714b5cda5657791913bd91e5744ecee5eb2238fc,0.8095578360936051
71ccd0da159bebc2234bdf644f84e15d59b19736,0.9995493317860062
72578db460133572b99abee59168203edd60d420,0.9998060588693185
7282d9e0c8032439ccf66efa9fe99b55c94d2d11,0.7534968044390429
7299e9d362a7455ac557ae3f741e4185afc879c0,0.9995101409394941
72d6d2e8316337f8beaf623ca78f0d1db5006f36,0.9998199938651776
72fc69f42a701ef9c07722bcfcbfc6c4a9cacd64,0.9999635402534325
7348a047ab4f47ecda345d8a64951bdbba184761,0.9996772973757164
734b7a5a69d0432764978128ec45e60ee8699e2b,0.9994473689760571
73d4cdc6cc68bc608728e6fdd74662d53edba84a,0.9985738164983728
740e3b9afa4a3eb6c15c39a3c3bb86145468e559,0.8027002042794034
74bd536a982117e99a75e40240e0e3b1b1f81a5c,0.9986140348124626
751bded6103beadd32aca3df1e2ad5348291db53,0.9818220167273668
752798f4fceff8d8371fa983ecfc44206a93e887,0.9989997091443944
75f7452dead430aa42923e1d0cfa34a4cf0b1cf2,0.9997628432466454
75fc6d8d437d82a36707e5114ea6558cf6fdea79,0.9398956983621259
761e738682d46f2e07f7f60864216d8494cf44e8,0.9999555761957809
762c55085467c107892d6432a844d72f4c81e087,0.99993938479728
766bbeedf2bf202d73588765a7ad9c5e072e9eac,0.9999217471611278
7677e4a46ae9bc52bd818e07ccb019f224a4e2ff,0.9999673932206888
76f92eed074e89f06191f71cbacef86688610656,0.9999141344018684
76ff13f94e80b0ee89f487aecde294e78c959ea6,0.9996632053936553
778409ce45ff8486ae69bd36e13414ad0f6d120e,0.998046437274271
77b266f97e2b238f9b41a45832e813bda5ac66f2,0.9999279111211887
77bdf39167ea91b04a63e2a9551d8b699b99e8b5,0.9984851214458068
77e4180dce0158c5b8168a8580e40ac4f5be54b8,0.999949542004436
78c13365e61ef4d1a875bda1d6ee63a9788ac2a8,0.9937055310577482
78c89700a0d35deb2ec0d155ef8fb309a29c7984,0.9962523247724725
79e78e854461486b0050046871a285bfe0201e67,0.999791212172329
7a25c30c198710ce436fb710b169be1458e67870,0.9996993099086106
7a449b2e9fa6a617b2d0467b004ffd5ea7591e0d,0.7833295714043046
7a57c9dbd7b24dce9db21f770aa8a31dab53051b,0.9975185278723538
7b93a01bcc49cf03180ed0e7b4db577665ed53f0,0.9999605025320634
7bb9a2005c9cb37888b0847a0e9636e34c1de988,0.9989583838780649
7be9b1e29a01bbf1b1fce56f741c9042cc39bdf7,0.999321418477694
7c13ffc1243cf5f3d36480e6b95a526b999103f9,0.9999849156999976
7c78e4a9f559bec9980d05cb10b281577b4386e0,0.9999734646825854
7ce2723cc0b2395e318b09b3299699182734dda3,0.999979710370584
7cfcab4748904fb227f199ef698890ad72680684,0.9998414636137386
7d156783b039d1c902aa65dc63c9ecebb09382c6,0.9989251173945095
7d68413c750ae9e2d54d5fc61494a1fc09a886e3,0.999971334384044
7db40ffe9e0d97546c21f0f00f64de9eeb3b7c2d,0.9985272861713186
7de5c95335fa2ff91f459669029bef46fd531fbb,0.999333739086979
7def681d68471808b08095ba0a7f3aa16d01db7c,0.9980046863439289
7fcae94711ce0905b3953c407293f25203dcbf8d,0.9645904249608751
80e74c5baeb843b610a32b8d165a04524d33fc44,0.9981128271782091
8153e8b3f7a86fefe66cb3c29941aa3308bcf169,0.9998132041162981
81b005ee82a26545f60e6f3e9576bf7b9b1dda17,0.9999009008541698
832c090d84cc7ef7778f8a06392aba8c54e84834,0.9543532014111149
83d24c6e1f064119652527b9616d6ad9c472fa05,0.9968307984292427
852269735a2a0c46360cbc134d7a6f053cf3d1f4,0.9999948486346228
86483c227744ec6bdf78c0a761a790690b396c9a,0.9998293782296716
864ce2e80c32516de7e2c63bc515d53ace5a2163,0.9985210495448699
868e3c024b916d8b2a8def2ee4193a938a0642ff,0.9998541748858326
86d6faac0dd509d2237dfc49a1315d0011373618,0.9999531264483003
873908e952c383394940460d81669338ffe9c36b,0.9976678413684003
877dbc6471adff0739aecbc281c805b3048b2a58,0.8871239351606512
8790d1dec74eaaad4222d42eb6e01b66061a877e,0.9994617974868143
87d36b743aa038ef851a63d5a6c337fadcdc8b8f,0.997730104560667
87d45d808759a5a614508a65d71e497d03ca139f,0.9787434725728211
8841e0e66ed25a53689e4323c498520704ceb406,0.9907722922491151
88b563cf35ade6b35cbbc4f40830fda9d7d6a1c9,0.9999775272938969
894db39f7f4dd05d5ab0cbdf6683aa400ac920d0,0.999961491207228
897202d45582663dd80070513621036db9f0db53,0.9973589080222388
8a1c9da427aa6f155aaa44acd2708f79db93e1d1,0.9961355442266627
8a4a88c4342cbdd703e147bbd7878a51fa0b603a,0.9999081275822872
8a906df9ada755b3db587795a07628baa05dfd74,0.999879209961276
8af7e186f0cd41b0629a2456039c270c204634bb,0.9877000988470601
8b2125290c6397c625d31dd8645f8881bf808c50,0.985246229252605
8b40a25fff75c95ca4df8302009e7def505d61ba,0.9937794017696292
8b8bd78c1ca9f3a23e5b7dcad27a9bde5a517cfa,0.9999669703344891
8cb1fe61fcce2f30782698988bae890106bde2c7,0.9976641400792138
8cdc86e1938f88ff8379a39f9da5e8a403259c2f,0.9999627933328579
8d9e4e7e473f0bf19630ea3cd4f17074ef9276a9,0.9998880290040087
8da6a90264f11ade3077e3ec214bc9995e17e14c,0.9987481625507261
8e476646c90ff8b1a90540c08a16553547495d0d,0.9993541412192022
8e5a4b00102a5edb34faae3d70933b035f610682,0.9161045198719046
8e5a609efaddaef88d77152bfe534f9cf15d1dc3,0.9999540346936743
8eaaa1ff4980f81b7e2647a3b3635db1a59fbe86,0.8349954476055609
8ec622c41fce4be2348c7d872d92e22fb99315a0,0.9983907950342755
8ed86d28b47d580151538ef7312aadff9e3c9c31,0.99985685422337
8f04336b2978b5342b5cd8a74d6c0fd86703e0cd,0.9930679821272037
8f9d176f5c0b86f6ff911848969a90c0bc8dd2af,0.9980554719440836
9079206613f9ef68ece08992beeeb5eb856fa0ec,0.9836829171462456
914862cfd38d95e5824c3301b841d4fbabf4fa07,0.70743644441836
91e81219e104ba7c6eb207c560e1929b89d63fcb,0.9992039397961086
91f053feb8783da981f31d8213f2fe14f92b02fb,0.998249894810272
92183586810eb54d065cd581e01e99c80956b7fa,0.9999969528978281
93639dc8d1226e98ac40a4315bb26ea96a09e656,0.9995691119081375
93b03c51933fb2ae623bf4eaad79f5004c09f7d6,0.9999038256075468
93c7654373cc42df94be5f32b722c7cb5d3fdcd1,0.9998789249347879
94226c24e7e007ecc8810dbf0f907b3491a1621d,0.9942683337878617
9452262299fa9885cc97e1e49acc44c898703920,0.9966549547201099
946bf75ea8b905bee551ff7aa3eb7e3158de3358,0.9991848899947333
95b67e673d9c40d2d3f86d4785fdef1520cd4dc8,0.9999034664337086
9607d1f948b1606e8a2ad407338bc09645d41fcd,0.9999900822464477
96ddb4a301930e1c051919b441ea809bb85dfc5f,0.9992206516870853
97ea6dad04c3a91e3f4296d44df07eb62a92b632,0.9998959203701262
97f36d14a9e4f7759ee7c6212aee8f6855de0dfb,0.999060676878719
98358294586d02a3f0328e2537317e27fb07fe80,0.9908359360735265
98afa42e7129bfd7e48d4a8e33b5a94e71f0ae27,0.9982201473793343
98eddbd1218f13364c779e949d28c3585e72490f,0.9999015487716938
98fa7c1a92b57ffddc9c0d4817de73c54b998716,0.9782253563759226
995529b6e0c9f895e4cda8af1c56e973b820833c,0.9994936160070688
99c8e2f3b123e5454a26641bb4ab1fc30debab2f,0.9998863257000536
99d0c9a7d790e0bb9cf77ee650ade4d376733997,0.9990852161496803
9b0928a35810bec774d796ca4c32d06bea5b3a46,0.999982246130914
9b291a42c1e3ac8149382bee1bec8b4b965f9767,0.9991788207460781
9bd13002513c4da41d33f5b4719c0a4a8e383a7f,0.999960328508841
9c1b08211a76599faa4a6763b8c564f85d586b36,0.9952399579834482
9c232dddc3bd3fba6ff80b788e0a8e485d284802,0.9996749928862876
9c89843a09f6a86db9814acafd21b5ddfebd2a70,0.9999122896208129
9cc4425dab1415d3e7a8705c418fa468d46e5709,0.7538047779522837
9d2513b647bb6a658771f47140c5a08a1eab5215,0.9998336648390196
9e9cc74af72f1c0d76e733cea7eb4b45464b74b1,0.9998671103780876
a08461e3c636c8a6c80564fa785e36938ce0d37b,0.9992574574022711
a0b92f52b88ef73b1dadcec68f9194104b5fae9f,0.9997990760994936
a109d48e48c6d557216d14d472df13ebf7a98258,0.9986614353178506
a11993775204cd6a7e2a16c350b6b2f5bd3933d0,0.998481681717816
a2cd95eec7c6a54e0ef0e1bd8874d0f285b30ea9,0.9945145144626868
a2f851c62884a6b5f8a0992ed52d653ab25186ef,0.9788393720893953
a318b5b4b76abc8a009bff4063cc65f94f68f7b6,0.9997570886561529
a31d4e16bf8a39f654272a1186dba2dda26ab921,0.9967869505334053
a33d5bfe958304260cbcaadccc9a9b9fd883c7d6,0.9996416834149827
a33eb1dd4266e6e38371c047ab5b2df678e3fc69,0.9964278978274631
a3fd61e1a1e00f58cc76ede877bfe5c09131a318,0.9986449652604459
a4289b6baaabb9e61beae114c433c65eceac82c0,0.9989941291213352
a5874f68db2c06438a807d2ceb889a1c0c3e0250,0.9987932300916914
a5ba9beab41879aaf8584a40a866ee6a563460e5,0.9984119903800263
a5e7fcb9d1ddca3817bf1da7ff659b864b17fd08,0.9997558898736351
a64ab751b69ad1c2dc45814951dd0b3fce5c88aa,0.9985012621518993
a70bab44796e190d5b81ce48ee3d7b579add02c0,0.9744157088837663
a760f3f29621dc967f9161e6b98e9b4253802d01,0.9999131206618838
a76c83ec3911e7aacf44afa67bba432971c91426,0.9979584929952335
a7b0b1701f2c00f584c8b9277f2d5f6a37bc927c,0.9998072641894341
a80d0929f0e540375f0ed86f4814fbdf4a3e9d57,0.9952394365422735
a89a09379d8d22efdefd9f06f1c4f04c80da5c65,0.9749953804970869
a8c12cdde4bd889ee75aedfad680095c8b4b368c,0.9911934773342773
a9cbbc0c5e966b85b4bbcf2e52c86d386f582659,0.9999613199432037
a9f4a91ab2aeeafcd2a4ee9f94346b1e9ac2c314,0.9990963379940893
ab27da7cb68e82b2fe88303b2c494b81b51ea00e,0.9024370444766571
ab3f566ae6fd6534a1c055e58f78023adee8950f,0.9993779676888305
abafaceb25426f21ea26ee3fb9b94325c9e88909,0.9998923996797753
abdab65ebac1dcc3769ddabaa982836cb4534eea,0.9996577116288978
acdef6557d6763ec1aedeb66dc66cc9aed32414d,0.9997797010063114
ad505fae33afb30b008b05493274a86b90dfb19c,0.9997227784402756
adcca6d32d0070fd5d63075d79551b05151c3cc7,0.9998795982243394
addd510d21a0e0ab961149983a2048af43a0483d,0.9996164977840704
ae3eb63414d8c1bb606efb9cb03881f29fd8027b,0.9976093440807816
ae7b1bcd96c25f6820f444a16cd22414a586e053,0.9996727713476599
ae86fd278c46d1854805f6bf3e5684311624475f,0.9999470623926687
aea12897917586982782925dc7f1eab8fa6a1755,0.9998497399337428
aea61daae30d61728a2a6084c70a811ca28c96bc,0.999792967670406
af16bf2f97c583b1ded277f88daace8aa697e979,0.9998684604909377
afcde28f2368d924f94fa1f8708c2c5f17ff32cd,0.9999926304969632
b0ac59c485a138a6b2317849ecf96dbc52f951a3,0.9973809536623223
b1c80dcc915b6ddb8ab38725799907c38161d41a,0.999937208309432
b1fc0eed638428c4ebb592bb082a56349e3ffb86,0.7284335112776027
b25da10caa7a59ab3852397e0225b2d6b06baf06,0.9994744669309751
b26b6360f69dcee0df4d90f771fe774343c45ffd,0.9998929402776867
b33ef0c69b7b722cf5c9fcfbf4d94eff3321f830,0.9998259936555036
b36befbb28dc10fbcbc14893f74819f934662c94,0.9997843757826194
b3b7552ad4cb087f2533f45f05c840503002203e,0.9995775422477662
b3f286744e37fc801b77c2b7f9dba836e165945c,0.9999682494330862
b42f31b4f2b7535a440ab5c69b9095a55a21b65e,0.9706746446399954
b4c53ab08f024721dbfd105417381ec5ddaa22b7,0.9991965387721109
b4f496a2403e5b6d4f51db6bad2312e52530775d,0.9997678300649908
b530666ea2bc067cab6bc2d1973e207b3989577c,0.9997423845081957
b57949f2759ef72fe986ab28e641f624ddef6661,0.9997120564133586
b5ea56e506a34fced51a7d2a2ac27c60375d6fd5,0.9995542651080601
b5ef7b1f4c6538de293db7dd22a80c98b1bdfb85,0.9995788233131285
b70d573788bac5c497e7da782393931e1f14e4f9,0.9997566618289697
b7eebc972a501f45dc75ca927257bb6f54df7023,0.9765360839830213
b8680d73f8e76c547c95030fd437249ce2a5c257,0.9888502947875693
b8ccf1e6e3c398a1df0e5cadefc8943cc23ab12c,0.9998459088122621
b8d67a7874f0a5c395e78cdae43749f5af4ea92b,0.9998502608343496
b97cec1c31d581cd745f57dd7b32e2171242a444,0.9999026743551084
b9a3504180e2105cc12dba2db210443e9b6aa73d,0.9950232178487788
ba156d8fbfb7cdae8a5baa1e909d73ca759a4506,0.9991555642942266
ba42824c9fbf3144e38a27c01202fb99fbe820f2,0.9992100501352892
baa7674925960be46ac2381a8d9d02cf788a1f0e,0.9987558350771932
bb288e150baa215f3fbd4e545e744acd469051d0,0.9995758166234217
bbe867a9051e2cfff36862da44ec6538ca1371e3,0.9999201317637789
bc03b0de664cfc17076b71c5a92d31cd41e95b90,0.7538078554663331
bc6b1aeae602820e9af67763214c3b38c6d34f7c,0.9970238797262541
be0d8d82b061b00696fbd9b95ef857ecd69eba89,0.9844705648557561
bf9165b6b46446eb21e1ee4d768fcd7470bc0002,0.9987669139043169
bfb90385bf9785db579d1243a9fa9bc3e09275e5,0.9999060744144664
c1c958f2a8eab68a85e1a3394fdb966d25fbced7,0.9998502528489843
c28ce27322da7fd49c29c22b7ea443e51f1c5983,0.9999273208285936
c30ea3746b77ab3df9a248887219ce7ec3ae816c,0.9995483780925724
c33ed32cb48462139de1ffa107f541392ac57b90,0.9978032655534933
c34240c56b9621bd6156b9cb5ff3af5a0c23c545,0.9999377122915524
c54bc989c316d1c02e3e8bf6e807f5a7d7541b60,0.9972862009554775
c570985cd370737d79f5a5ead525ae07e060a05a,0.9993421795065432
c5b33e526e0cfc30253e1f1dd463a58be57ca9b7,0.9996470271984446
c5c110e01d3238ba797770f43ffac61582905881,0.9985189675109735
c5cbf370a4a5071e8fcff0863048524a4f0c1698,0.9993230132248214
c63c76c273f87cc3daf6d1d4d7308641ae99dcdb,0.9516485060574081
c771b9b47687cd6e9a271d96d91546cdf64773b1,0.9992999135550794
c77678ba55303523ebfb97073b6920fb80c7b9db,0.9989799047886764
c785e89c260abc249bd3e01b0261c8289e1f6fc5,0.9907936754016411
c7f3ef37c1fd320d2ccdc5fe407519ad4d37c2a0,0.7308301125193796
c83a5f3b726a6786746809a9eb59a56251e77fbc,0.9991285888245852
c86edf42afe1847e481b41dc9d0c5e33829cb6c6,0.9999242372397871
c9669b5b89fc408871121e3f22f1a55387f86a10,0.9990790048891927
c9e04f71ace1eca46cf3fdbb6bcf6762e0d91615,0.999976540509908
ca2c2c964849a5a95e711c191c76abab3579dde4,0.9999939777633639
ca4642472cc6e3d842d01e5a32d32e7f22dd3130,0.9997711395164721
ca8ffb4257014056a30def0486b020bf33b2b69e,0.9660624184633654
cb3c7e5264c457811687d56871ecb384e1fc9d43,0.9997774067872448
cb787fada5fe97b256afeb7330829c6f00eb3cd5,0.9998964050448585
cc31829956f99898e6346ea28c395954ce5c56a9,0.9994620993102118
cc5d54a2908ea64e27c812e52399971241126476,0.9998689118972888
cc6628a83ef1e3ca716a18ea09fdbc43a8d9c7ae,0.9999262463135806
cccf695db35ac9caeedd9e09360089c98e2630c4,0.9991425578277296
cd2d39482cb9657fbecf19944c15ae7c52eb1707,0.9999082776419312
cd691b2146780fd146bb78a7c3fb0290231b99d0,0.9993792606413914
cd8e903f5d47c7fe985b5286881acabd6a1c0aaf,0.9999075120695472
ce3f1212b15beb12edea489fe54bc71f88d14404,0.996994067601123
ce4b631f7197a9ae1a25a7669453176e10d5856a,0.9952569302588776
ce7a39cabc8fa6136cfc5af5c815fc5293218520,0.9972393606641049
ce7e68aea29efdee707547a26a05889c2729cedd,0.9993484869712661
d00d3a5453104bb7cbd2b4955c406d0d904ba38f,0.9998069578707593
d05169b4bda3942da81b43ab31085c65687da017,0.9997418628229222
d0bc8df7b268958fec46bb548be4f13421f53391,0.9998984656746619
d13c23a0ea32fc57891f85c61e71e1cea6585af9,0.9998870280925358
d1890f68a453f28f4a39fdece8fdd855bd7bd310,0.9989271128546737
d18a9be20e7f679b3a13ab11abffb6de28a71fbe,0.9984700413359318
d1a636c50bac97f4993f3d7c3095cd4d7fc9ce32,0.9995100899569598
d1ab510bdc2f54bdcb5476ca04d92fc4bdbbd21c,0.9998490953985815
d1fb60b7c00a5ff8b593a30e528a0dee0ceafcee,0.9684979666433877
d21137b6a1acb9f0513ec20b4fb777f3188c446c,0.9954431856413588
d2ccd63eb409e22afe370537feb8790906baeb51,0.9999782901673775
d2d840bf7f8065e0cad662745c06a7c059b57d20,0.9996830931284438
d3e25adf5575bcaccf20fd52278eeb30671915e8,0.9994083536538895
d40b7574c01ee56d73eb6dc25f544a9b1e04c865,0.9996682730181691
d40e19f66e76cc54b02ae688174877657d1bdd5e,0.9992383256919107
d4912fca8a756d97baa6cea58c696ff660a942f9,0.9998555468859449
d525996b1ef1fc40898a04f7e01fa150185967e8,0.9981375558759449
d5d6332cc15098eff891633cc69a09a7052ec25b,0.9998945011578385
d622398e3fb624f00911183d6e58dab4fd3c1e2f,0.99976081163203
d780125a74a2dff77d702279c705d3515c54dd4f,0.9991484544361962
d8314b416aac63e0a04a565f21c2f5c44fc93a82,0.9999985462452686
d8438cab3f6b5c99fb6a77740349082c27830387,0.8981691044293807
d8bb6583f3cc11c8bb9d6dcb51a2e1124c4d583f,0.9997230228786863
d8ed22edb9b4c9c2eccdde41cecb635458209e93,0.9994121793657618
d90f29830aaee0e99b4f186948b05f1f512b6626,0.9996868006425372
d9392fb6b3451f0855bf971c2b0930ce7eb67b2d,0.999978412334292
db47cee45cc504eaf4bf946805f9cb50e82a8780,0.9998903982470881
dca97b9a0e49ae8dd3369b686ea7e60fab0ea816,0.9324734571177953
dcce8faf157b176b69823ebb318ef18783852292,0.6793575256947533
dcd1074e8c15e77a08aeed5ac7817f50f53da55e,0.9991792915320322
dcddfb35993dd1e997ef109722a8eae55be41cf6,0.9182984298236953
dcf227953e73c1ea87c134a6d96d572f2ca2832c,0.9999883858981389
dcf5a54f31d354f88068b38c2fb509cb230cee7d,0.9996899177158893
dd460d017539835cf3bfd3496934d7ae4c297f49,0.9999386230569327
dd5e497272a1d0d0541cc3a42f7341382ef2baa8,0.9999404468764527
de47b73c7ba916243c257d99872d0d56c99fafb7,0.9997744119878128
de74a3a4f910765bc17d8af5d4ae6099b653023f,0.9999648637762671
df0af3b612213435ad09bcd28dddffd57a57bf89,0.9983658529695681
df3236690c3d6df47fac4046a645e452e2585686,0.9998941575477089
df7a1a1426dc2c6c721e3f3dab91e4bd375bea8b,0.999524261083685
e03881d91e48d24658613cc74211e416df89a171,0.9995008152917894
e217b33913255fb3421e28b61217176f35544e75,0.9998474868372628
e220cb93d232a90910fbfbb7115df14c8a8107fd,0.9994118085611903
e294b257e9eaf219586d0deec990b0d66720bb9b,0.9987590207059956
e320af6f56bc931c96964a44da3c97f2db54df64,0.9966879791245956
e5161e0442a32475dc05ba2d3a1cbd430f4a2035,0.9996297556449889
e53d84fb034308ab01bc23ac5962a2d3652987d4,0.9998777113912299
e5d8e3a1ceb99aaf94f035bf1cc3f330b9418393,0.6917702070014317
e62a0e36a382e7f9ee79c324f0bf9ae2a054239b,0.9993912332374137
e6d54b5769c871de0324a5036c61f08f6ec4ae54,0.9994224038568349
e7301b91c98d569de3831971f5a27154b0771cf8,0.999755891739079
e7b4598b6008cf501132b47ba13ed4e0e09c2cc1,0.8032736610917436
e9608e35528700b895cf6d09a0311a1dd490b917,0.9988905999413032
e99d1668c1d0134c149b205d148ef407abb3e995,0.999188644039319
e9c186015cf43a735bc0e8943bc677715d4c217b,0.9996249220199015
ea5d4731b60baeec6fb097844ee87a92f197afba,0.9994706948641198
eacbdd48ee908eb92a0c864e2d7419177f0a29a2,0.999340270740493
eb15f8073cca43cf865e0a8c6e9cafbfad79b0f5,0.564296324709004
eb2836b7bee247fb8e3fade0b8122212ab61a1da,0.9552778236168946
eb66fbd5c2043f04ec49ef7eae67dea713e4413b,0.9988331743826834
eb6e154ad3783ad881b92fa8986ea1e517cfd566,0.9999945004856182
eb7826fe9c715f8b362f0ecf560aa013e309496e,0.9542994993368857
ec9f25ec06c38ed832c64d661c8e22c092e36763,0.9999609736894449
ecbcc3bd709776326a720729ad74c020c160aa3a,0.995977070078714
ecddda313c99815066bcbdf47177fc53c0d5a64f,0.9996970344570728
ecedaa3a6ff7757ee381d2cfe14652819c9e843f,0.9996910548234188
ed7614ed857369ac35635fa03058051caaeb64df,0.9999358156251804
edb34cb72264ba007727a44d6c8525b63f2d00ed,0.999950933738239
ee68b4469aca5519cbdfcee4f9e49022ff54971d,0.9995599303619438
ef45430e394ca89339d2683940016c42f1a276e4,0.9996749765228613
ef58fe9819f05f8ed8d0d5eefa403637f33fb10c,0.9974387584963998
ef8fd94ed83825073e52402990a15f1e1a8eb80f,0.9779545418059076
f020ee19a7d6ef10ec34e8a8b9571ca19e5c798b,0.9985261604222406
f0aa7f998114a8653bb6aba50b905406d084e074,0.9968599511665032
f25e5a2bcf228cabf78df6466d42e0a454dfb898,0.9996878732720581
f27da41c5e1f933ac24bd0f7f9620b3d521ad5ab,0.9934652530573744
f2c557df3514fc8e0ed431a8826155df05706c32,0.9996297962640368
f3089e76405aa565aa1af0df7f2926dfb3c402eb,0.9950863447200367
f3b9984ad33788b2cc19a38aefaa2bc14fec7067,0.9992933218830928
f48b3e3759c07361215e643dd762e0e9e17b0234,0.9997308225588866
f4a5502e04c70ffda434106779d5bb8d164d466a,0.999799506272559
f5d88ad109ebd14216cd511e05b921c4ba270d85,0.9999547486394853
f68c6f96f6e4a331e1b62107f95aef4573798895,0.9990483230858533
f73bef774b89d3ca92d9c437320a82f4ad697d06,0.9802475771815079
f73e589fee3c6f0a4f5f724d60babb9113b739b7,0.9999938562335252
f793be05cf02f6e27bb5e49aa223982352b29749,0.9996977349773054
f8acf976c9439fb56f10ccf667889f6aacff9f78,0.9992326861994245
f8cc939e969331c93d31ef139a62816b20d1e395,0.9984909494157335
f9393c337900a568c4b0551f2d1fb05f006a0387,0.999603708467635
fa77b3f727c4b2db407a91a43add98776f5eb394,0.9981337597604294
fb6599b15e9f52010389b8c4d1e74d0d73071329,0.9990894164630164
fc64abde1fbd720ea159587298a2821415a1504e,0.9998752019972088
fc7a18a80f85bea935be82441f33bb7d4804c7ca,0.9999675730935483
fce447522513b244e3d479b7b9c45198c444ba28,0.9999183891485874
fdd493933ba441afaa18869629ce1aa74a09d2b1,0.5660918540324569
fe268fa1663384ff17332db9468aa5a2d274dd64,0.9999921747496845
fe2a04b08848e29e6cb5852ae85280020017e863,0.9990196049158657
fe741eacccd370d7a3b2a4a7b71e706d023d05ec,0.9988749260794337
fed07af9fa8e27ef4d563f4176ac4e077566d546,0.9993516110111341
